{"cameraMode":{"drawMode":0,"name":"Shaded","section":"Shading Mode"},"sceneLighting":false,"audioPlay":false,"sceneViewState":{"showFog":false,"showMaterialUpdate":false,"showSkybox":false,"showFlares":false,"showImageEffects":false,"showParticleSystems":false},"in2DMode":false,"pivot":{"x":-57.32712936401367,"y":48.95112991333008,"z":-6.028533935546875},"rotation":{"x":0.3053063750267029,"y":0.47337502241134646,"z":-0.1791369616985321,"w":0.8066519498825073},"size":10.059436798095704,"orthographic":false}